id,dose,response,z2,z3,z4,resp_nonlive,resp_normal,resp_malform,dose2,dosesqrt,dosenew,dosenew2
1,0,3,0,0,0,1,0,1,0,0,0,0
1,0,1,0,0,0,0,1,0,0,0,0,0
1,0,1,0,0,0,0,1,0,0,0,0,0
1,0,1,0,0,0,0,1,0,0,0,0,0
1,0,1,0,0,0,0,1,0,0,0,0,0
1,0,1,0,0,0,0,1,0,0,0,0,0
1,0,1,0,0,0,0,1,0,0,0,0,0
1,0,1,0,0,0,0,1,0,0,0,0,0
2,0,1,0,0,0,0,1,0,0,0,0,0
2,0,1,0,0,0,0,1,0,0,0,0,0
2,0,1,0,0,0,0,1,0,0,0,0,0
2,0,1,0,0,0,0,1,0,0,0,0,0
2,0,1,0,0,0,0,1,0,0,0,0,0
2,0,1,0,0,0,0,1,0,0,0,0,0
2,0,1,0,0,0,0,1,0,0,0,0,0
2,0,1,0,0,0,0,1,0,0,0,0,0
2,0,1,0,0,0,0,1,0,0,0,0,0
2,0,1,0,0,0,0,1,0,0,0,0,0
2,0,1,0,0,0,0,1,0,0,0,0,0
2,0,1,0,0,0,0,1,0,0,0,0,0
2,0,1,0,0,0,0,1,0,0,0,0,0
2,0,1,0,0,0,0,1,0,0,0,0,0
3,0,1,0,0,0,0,1,0,0,0,0,0
3,0,1,0,0,0,0,1,0,0,0,0,0
3,0,1,0,0,0,0,1,0,0,0,0,0
3,0,1,0,0,0,0,1,0,0,0,0,0
3,0,1,0,0,0,0,1,0,0,0,0,0
3,0,1,0,0,0,0,1,0,0,0,0,0
3,0,1,0,0,0,0,1,0,0,0,0,0
3,0,1,0,0,0,0,1,0,0,0,0,0
3,0,1,0,0,0,0,1,0,0,0,0,0
3,0,1,0,0,0,0,1,0,0,0,0,0
3,0,1,0,0,0,0,1,0,0,0,0,0
3,0,1,0,0,0,0,1,0,0,0,0,0
3,0,1,0,0,0,0,1,0,0,0,0,0
4,0,1,0,0,0,0,1,0,0,0,0,0
4,0,1,0,0,0,0,1,0,0,0,0,0
4,0,1,0,0,0,0,1,0,0,0,0,0
4,0,1,0,0,0,0,1,0,0,0,0,0
4,0,1,0,0,0,0,1,0,0,0,0,0
4,0,1,0,0,0,0,1,0,0,0,0,0
4,0,1,0,0,0,0,1,0,0,0,0,0
4,0,1,0,0,0,0,1,0,0,0,0,0
4,0,1,0,0,0,0,1,0,0,0,0,0
4,0,1,0,0,0,0,1,0,0,0,0,0
5,0,2,0,0,0,0,0,1,0,0,0,0
5,0,1,0,0,0,0,1,0,0,0,0,0
5,0,1,0,0,0,0,1,0,0,0,0,0
5,0,1,0,0,0,0,1,0,0,0,0,0
5,0,1,0,0,0,0,1,0,0,0,0,0
5,0,1,0,0,0,0,1,0,0,0,0,0
5,0,1,0,0,0,0,1,0,0,0,0,0
5,0,1,0,0,0,0,1,0,0,0,0,0
5,0,1,0,0,0,0,1,0,0,0,0,0
5,0,1,0,0,0,0,1,0,0,0,0,0
5,0,1,0,0,0,0,1,0,0,0,0,0
5,0,1,0,0,0,0,1,0,0,0,0,0
5,0,1,0,0,0,0,1,0,0,0,0,0
5,0,1,0,0,0,0,1,0,0,0,0,0
5,0,1,0,0,0,0,1,0,0,0,0,0
5,0,1,0,0,0,0,1,0,0,0,0,0
6,0,3,0,0,0,1,0,1,0,0,0,0
6,0,1,0,0,0,0,1,0,0,0,0,0
6,0,1,0,0,0,0,1,0,0,0,0,0
6,0,1,0,0,0,0,1,0,0,0,0,0
6,0,1,0,0,0,0,1,0,0,0,0,0
6,0,1,0,0,0,0,1,0,0,0,0,0
6,0,1,0,0,0,0,1,0,0,0,0,0
6,0,1,0,0,0,0,1,0,0,0,0,0
6,0,1,0,0,0,0,1,0,0,0,0,0
6,0,1,0,0,0,0,1,0,0,0,0,0
6,0,1,0,0,0,0,1,0,0,0,0,0
6,0,1,0,0,0,0,1,0,0,0,0,0
6,0,1,0,0,0,0,1,0,0,0,0,0
6,0,1,0,0,0,0,1,0,0,0,0,0
6,0,1,0,0,0,0,1,0,0,0,0,0
7,0,3,0,0,0,1,0,1,0,0,0,0
7,0,1,0,0,0,0,1,0,0,0,0,0
7,0,1,0,0,0,0,1,0,0,0,0,0
7,0,1,0,0,0,0,1,0,0,0,0,0
7,0,1,0,0,0,0,1,0,0,0,0,0
7,0,1,0,0,0,0,1,0,0,0,0,0
7,0,1,0,0,0,0,1,0,0,0,0,0
7,0,1,0,0,0,0,1,0,0,0,0,0
7,0,1,0,0,0,0,1,0,0,0,0,0
7,0,1,0,0,0,0,1,0,0,0,0,0
7,0,1,0,0,0,0,1,0,0,0,0,0
8,0,1,0,0,0,0,1,0,0,0,0,0
8,0,1,0,0,0,0,1,0,0,0,0,0
8,0,1,0,0,0,0,1,0,0,0,0,0
8,0,1,0,0,0,0,1,0,0,0,0,0
8,0,1,0,0,0,0,1,0,0,0,0,0
8,0,1,0,0,0,0,1,0,0,0,0,0
8,0,1,0,0,0,0,1,0,0,0,0,0
8,0,1,0,0,0,0,1,0,0,0,0,0
8,0,1,0,0,0,0,1,0,0,0,0,0
8,0,1,0,0,0,0,1,0,0,0,0,0
8,0,1,0,0,0,0,1,0,0,0,0,0
8,0,1,0,0,0,0,1,0,0,0,0,0
9,0,1,0,0,0,0,1,0,0,0,0,0
9,0,1,0,0,0,0,1,0,0,0,0,0
9,0,1,0,0,0,0,1,0,0,0,0,0
9,0,1,0,0,0,0,1,0,0,0,0,0
9,0,1,0,0,0,0,1,0,0,0,0,0
9,0,1,0,0,0,0,1,0,0,0,0,0
9,0,1,0,0,0,0,1,0,0,0,0,0
9,0,1,0,0,0,0,1,0,0,0,0,0
9,0,1,0,0,0,0,1,0,0,0,0,0
9,0,1,0,0,0,0,1,0,0,0,0,0
9,0,1,0,0,0,0,1,0,0,0,0,0
10,0,1,0,0,0,0,1,0,0,0,0,0
10,0,1,0,0,0,0,1,0,0,0,0,0
10,0,1,0,0,0,0,1,0,0,0,0,0
10,0,1,0,0,0,0,1,0,0,0,0,0
10,0,1,0,0,0,0,1,0,0,0,0,0
10,0,1,0,0,0,0,1,0,0,0,0,0
10,0,1,0,0,0,0,1,0,0,0,0,0
10,0,1,0,0,0,0,1,0,0,0,0,0
11,0,3,0,0,0,1,0,1,0,0,0,0
11,0,1,0,0,0,0,1,0,0,0,0,0
11,0,1,0,0,0,0,1,0,0,0,0,0
11,0,1,0,0,0,0,1,0,0,0,0,0
11,0,1,0,0,0,0,1,0,0,0,0,0
11,0,1,0,0,0,0,1,0,0,0,0,0
11,0,1,0,0,0,0,1,0,0,0,0,0
12,0,1,0,0,0,0,1,0,0,0,0,0
12,0,1,0,0,0,0,1,0,0,0,0,0
12,0,1,0,0,0,0,1,0,0,0,0,0
12,0,1,0,0,0,0,1,0,0,0,0,0
12,0,1,0,0,0,0,1,0,0,0,0,0
12,0,1,0,0,0,0,1,0,0,0,0,0
12,0,1,0,0,0,0,1,0,0,0,0,0
12,0,1,0,0,0,0,1,0,0,0,0,0
12,0,1,0,0,0,0,1,0,0,0,0,0
12,0,1,0,0,0,0,1,0,0,0,0,0
12,0,1,0,0,0,0,1,0,0,0,0,0
12,0,1,0,0,0,0,1,0,0,0,0,0
12,0,1,0,0,0,0,1,0,0,0,0,0
12,0,1,0,0,0,0,1,0,0,0,0,0
12,0,1,0,0,0,0,1,0,0,0,0,0
13,0,1,0,0,0,0,1,0,0,0,0,0
13,0,1,0,0,0,0,1,0,0,0,0,0
13,0,1,0,0,0,0,1,0,0,0,0,0
13,0,1,0,0,0,0,1,0,0,0,0,0
13,0,1,0,0,0,0,1,0,0,0,0,0
13,0,1,0,0,0,0,1,0,0,0,0,0
13,0,1,0,0,0,0,1,0,0,0,0,0
13,0,1,0,0,0,0,1,0,0,0,0,0
13,0,1,0,0,0,0,1,0,0,0,0,0
13,0,1,0,0,0,0,1,0,0,0,0,0
13,0,1,0,0,0,0,1,0,0,0,0,0
13,0,1,0,0,0,0,1,0,0,0,0,0
14,0,1,0,0,0,0,1,0,0,0,0,0
14,0,1,0,0,0,0,1,0,0,0,0,0
14,0,1,0,0,0,0,1,0,0,0,0,0
14,0,1,0,0,0,0,1,0,0,0,0,0
14,0,1,0,0,0,0,1,0,0,0,0,0
14,0,1,0,0,0,0,1,0,0,0,0,0
14,0,1,0,0,0,0,1,0,0,0,0,0
14,0,1,0,0,0,0,1,0,0,0,0,0
14,0,1,0,0,0,0,1,0,0,0,0,0
14,0,1,0,0,0,0,1,0,0,0,0,0
14,0,1,0,0,0,0,1,0,0,0,0,0
14,0,1,0,0,0,0,1,0,0,0,0,0
15,0,1,0,0,0,0,1,0,0,0,0,0
15,0,1,0,0,0,0,1,0,0,0,0,0
15,0,1,0,0,0,0,1,0,0,0,0,0
15,0,1,0,0,0,0,1,0,0,0,0,0
15,0,1,0,0,0,0,1,0,0,0,0,0
15,0,1,0,0,0,0,1,0,0,0,0,0
15,0,1,0,0,0,0,1,0,0,0,0,0
15,0,1,0,0,0,0,1,0,0,0,0,0
15,0,1,0,0,0,0,1,0,0,0,0,0
15,0,1,0,0,0,0,1,0,0,0,0,0
15,0,1,0,0,0,0,1,0,0,0,0,0
15,0,1,0,0,0,0,1,0,0,0,0,0
15,0,1,0,0,0,0,1,0,0,0,0,0
16,0,1,0,0,0,0,1,0,0,0,0,0
16,0,1,0,0,0,0,1,0,0,0,0,0
16,0,1,0,0,0,0,1,0,0,0,0,0
16,0,1,0,0,0,0,1,0,0,0,0,0
16,0,1,0,0,0,0,1,0,0,0,0,0
16,0,1,0,0,0,0,1,0,0,0,0,0
16,0,1,0,0,0,0,1,0,0,0,0,0
16,0,1,0,0,0,0,1,0,0,0,0,0
16,0,1,0,0,0,0,1,0,0,0,0,0
16,0,1,0,0,0,0,1,0,0,0,0,0
17,0,1,0,0,0,0,1,0,0,0,0,0
17,0,1,0,0,0,0,1,0,0,0,0,0
17,0,1,0,0,0,0,1,0,0,0,0,0
17,0,1,0,0,0,0,1,0,0,0,0,0
17,0,1,0,0,0,0,1,0,0,0,0,0
17,0,1,0,0,0,0,1,0,0,0,0,0
17,0,1,0,0,0,0,1,0,0,0,0,0
17,0,1,0,0,0,0,1,0,0,0,0,0
17,0,1,0,0,0,0,1,0,0,0,0,0
17,0,1,0,0,0,0,1,0,0,0,0,0
18,0,3,0,0,0,1,0,1,0,0,0,0
18,0,1,0,0,0,0,1,0,0,0,0,0
18,0,1,0,0,0,0,1,0,0,0,0,0
18,0,1,0,0,0,0,1,0,0,0,0,0
18,0,1,0,0,0,0,1,0,0,0,0,0
18,0,1,0,0,0,0,1,0,0,0,0,0
18,0,1,0,0,0,0,1,0,0,0,0,0
18,0,1,0,0,0,0,1,0,0,0,0,0
18,0,1,0,0,0,0,1,0,0,0,0,0
18,0,1,0,0,0,0,1,0,0,0,0,0
18,0,1,0,0,0,0,1,0,0,0,0,0
18,0,1,0,0,0,0,1,0,0,0,0,0
19,0,1,0,0,0,0,1,0,0,0,0,0
19,0,1,0,0,0,0,1,0,0,0,0,0
19,0,1,0,0,0,0,1,0,0,0,0,0
19,0,1,0,0,0,0,1,0,0,0,0,0
19,0,1,0,0,0,0,1,0,0,0,0,0
19,0,1,0,0,0,0,1,0,0,0,0,0
19,0,1,0,0,0,0,1,0,0,0,0,0
19,0,1,0,0,0,0,1,0,0,0,0,0
19,0,1,0,0,0,0,1,0,0,0,0,0
19,0,1,0,0,0,0,1,0,0,0,0,0
19,0,1,0,0,0,0,1,0,0,0,0,0
19,0,1,0,0,0,0,1,0,0,0,0,0
20,0,1,0,0,0,0,1,0,0,0,0,0
20,0,1,0,0,0,0,1,0,0,0,0,0
20,0,1,0,0,0,0,1,0,0,0,0,0
20,0,1,0,0,0,0,1,0,0,0,0,0
20,0,1,0,0,0,0,1,0,0,0,0,0
20,0,1,0,0,0,0,1,0,0,0,0,0
20,0,1,0,0,0,0,1,0,0,0,0,0
20,0,1,0,0,0,0,1,0,0,0,0,0
20,0,1,0,0,0,0,1,0,0,0,0,0
20,0,1,0,0,0,0,1,0,0,0,0,0
20,0,1,0,0,0,0,1,0,0,0,0,0
20,0,1,0,0,0,0,1,0,0,0,0,0
20,0,1,0,0,0,0,1,0,0,0,0,0
21,0,3,0,0,0,1,0,1,0,0,0,0
21,0,1,0,0,0,0,1,0,0,0,0,0
21,0,1,0,0,0,0,1,0,0,0,0,0
21,0,1,0,0,0,0,1,0,0,0,0,0
21,0,1,0,0,0,0,1,0,0,0,0,0
21,0,1,0,0,0,0,1,0,0,0,0,0
21,0,1,0,0,0,0,1,0,0,0,0,0
21,0,1,0,0,0,0,1,0,0,0,0,0
21,0,1,0,0,0,0,1,0,0,0,0,0
21,0,1,0,0,0,0,1,0,0,0,0,0
21,0,1,0,0,0,0,1,0,0,0,0,0
21,0,1,0,0,0,0,1,0,0,0,0,0
21,0,1,0,0,0,0,1,0,0,0,0,0
21,0,1,0,0,0,0,1,0,0,0,0,0
21,0,1,0,0,0,0,1,0,0,0,0,0
22,0,1,0,0,0,0,1,0,0,0,0,0
22,0,1,0,0,0,0,1,0,0,0,0,0
22,0,1,0,0,0,0,1,0,0,0,0,0
22,0,1,0,0,0,0,1,0,0,0,0,0
22,0,1,0,0,0,0,1,0,0,0,0,0
22,0,1,0,0,0,0,1,0,0,0,0,0
22,0,1,0,0,0,0,1,0,0,0,0,0
22,0,1,0,0,0,0,1,0,0,0,0,0
22,0,1,0,0,0,0,1,0,0,0,0,0
22,0,1,0,0,0,0,1,0,0,0,0,0
22,0,1,0,0,0,0,1,0,0,0,0,0
22,0,1,0,0,0,0,1,0,0,0,0,0
22,0,1,0,0,0,0,1,0,0,0,0,0
23,0,1,0,0,0,0,1,0,0,0,0,0
23,0,1,0,0,0,0,1,0,0,0,0,0
23,0,1,0,0,0,0,1,0,0,0,0,0
23,0,1,0,0,0,0,1,0,0,0,0,0
23,0,1,0,0,0,0,1,0,0,0,0,0
23,0,1,0,0,0,0,1,0,0,0,0,0
23,0,1,0,0,0,0,1,0,0,0,0,0
23,0,1,0,0,0,0,1,0,0,0,0,0
23,0,1,0,0,0,0,1,0,0,0,0,0
23,0,1,0,0,0,0,1,0,0,0,0,0
23,0,1,0,0,0,0,1,0,0,0,0,0
23,0,1,0,0,0,0,1,0,0,0,0,0
23,0,1,0,0,0,0,1,0,0,0,0,0
24,0,3,0,0,0,1,0,1,0,0,0,0
24,0,1,0,0,0,0,1,0,0,0,0,0
24,0,1,0,0,0,0,1,0,0,0,0,0
24,0,1,0,0,0,0,1,0,0,0,0,0
24,0,1,0,0,0,0,1,0,0,0,0,0
24,0,1,0,0,0,0,1,0,0,0,0,0
24,0,1,0,0,0,0,1,0,0,0,0,0
24,0,1,0,0,0,0,1,0,0,0,0,0
24,0,1,0,0,0,0,1,0,0,0,0,0
24,0,1,0,0,0,0,1,0,0,0,0,0
24,0,1,0,0,0,0,1,0,0,0,0,0
24,0,1,0,0,0,0,1,0,0,0,0,0
24,0,1,0,0,0,0,1,0,0,0,0,0
24,0,1,0,0,0,0,1,0,0,0,0,0
24,0,1,0,0,0,0,1,0,0,0,0,0
25,0,1,0,0,0,0,1,0,0,0,0,0
25,0,1,0,0,0,0,1,0,0,0,0,0
25,0,1,0,0,0,0,1,0,0,0,0,0
25,0,1,0,0,0,0,1,0,0,0,0,0
25,0,1,0,0,0,0,1,0,0,0,0,0
25,0,1,0,0,0,0,1,0,0,0,0,0
25,0,1,0,0,0,0,1,0,0,0,0,0
25,0,1,0,0,0,0,1,0,0,0,0,0
25,0,1,0,0,0,0,1,0,0,0,0,0
25,0,1,0,0,0,0,1,0,0,0,0,0
25,0,1,0,0,0,0,1,0,0,0,0,0
25,0,1,0,0,0,0,1,0,0,0,0,0
25,0,1,0,0,0,0,1,0,0,0,0,0
25,0,1,0,0,0,0,1,0,0,0,0,0
26,0.75,2,1,0,0,0,0,1,0.5625,0.8660254038,75,5625
26,0.75,2,1,0,0,0,0,1,0.5625,0.8660254038,75,5625
26,0.75,2,1,0,0,0,0,1,0.5625,0.8660254038,75,5625
26,0.75,1,1,0,0,0,1,0,0.5625,0.8660254038,75,5625
26,0.75,1,1,0,0,0,1,0,0.5625,0.8660254038,75,5625
26,0.75,1,1,0,0,0,1,0,0.5625,0.8660254038,75,5625
26,0.75,1,1,0,0,0,1,0,0.5625,0.8660254038,75,5625
26,0.75,1,1,0,0,0,1,0,0.5625,0.8660254038,75,5625
26,0.75,1,1,0,0,0,1,0,0.5625,0.8660254038,75,5625
26,0.75,1,1,0,0,0,1,0,0.5625,0.8660254038,75,5625
27,0.75,3,1,0,0,1,0,1,0.5625,0.8660254038,75,5625
27,0.75,2,1,0,0,0,0,1,0.5625,0.8660254038,75,5625
27,0.75,2,1,0,0,0,0,1,0.5625,0.8660254038,75,5625
27,0.75,2,1,0,0,0,0,1,0.5625,0.8660254038,75,5625
27,0.75,1,1,0,0,0,1,0,0.5625,0.8660254038,75,5625
27,0.75,1,1,0,0,0,1,0,0.5625,0.8660254038,75,5625
27,0.75,1,1,0,0,0,1,0,0.5625,0.8660254038,75,5625
27,0.75,1,1,0,0,0,1,0,0.5625,0.8660254038,75,5625
27,0.75,1,1,0,0,0,1,0,0.5625,0.8660254038,75,5625
27,0.75,1,1,0,0,0,1,0,0.5625,0.8660254038,75,5625
27,0.75,1,1,0,0,0,1,0,0.5625,0.8660254038,75,5625
27,0.75,1,1,0,0,0,1,0,0.5625,0.8660254038,75,5625
27,0.75,1,1,0,0,0,1,0,0.5625,0.8660254038,75,5625
27,0.75,1,1,0,0,0,1,0,0.5625,0.8660254038,75,5625
27,0.75,1,1,0,0,0,1,0,0.5625,0.8660254038,75,5625
28,0.75,2,1,0,0,0,0,1,0.5625,0.8660254038,75,5625
28,0.75,2,1,0,0,0,0,1,0.5625,0.8660254038,75,5625
28,0.75,1,1,0,0,0,1,0,0.5625,0.8660254038,75,5625
28,0.75,1,1,0,0,0,1,0,0.5625,0.8660254038,75,5625
28,0.75,1,1,0,0,0,1,0,0.5625,0.8660254038,75,5625
28,0.75,1,1,0,0,0,1,0,0.5625,0.8660254038,75,5625
28,0.75,1,1,0,0,0,1,0,0.5625,0.8660254038,75,5625
28,0.75,1,1,0,0,0,1,0,0.5625,0.8660254038,75,5625
28,0.75,1,1,0,0,0,1,0,0.5625,0.8660254038,75,5625
28,0.75,1,1,0,0,0,1,0,0.5625,0.8660254038,75,5625
28,0.75,1,1,0,0,0,1,0,0.5625,0.8660254038,75,5625
29,0.75,1,1,0,0,0,1,0,0.5625,0.8660254038,75,5625
29,0.75,1,1,0,0,0,1,0,0.5625,0.8660254038,75,5625
29,0.75,1,1,0,0,0,1,0,0.5625,0.8660254038,75,5625
29,0.75,1,1,0,0,0,1,0,0.5625,0.8660254038,75,5625
29,0.75,1,1,0,0,0,1,0,0.5625,0.8660254038,75,5625
29,0.75,1,1,0,0,0,1,0,0.5625,0.8660254038,75,5625
29,0.75,1,1,0,0,0,1,0,0.5625,0.8660254038,75,5625
29,0.75,1,1,0,0,0,1,0,0.5625,0.8660254038,75,5625
29,0.75,1,1,0,0,0,1,0,0.5625,0.8660254038,75,5625
29,0.75,1,1,0,0,0,1,0,0.5625,0.8660254038,75,5625
29,0.75,1,1,0,0,0,1,0,0.5625,0.8660254038,75,5625
29,0.75,1,1,0,0,0,1,0,0.5625,0.8660254038,75,5625
30,0.75,2,1,0,0,0,0,1,0.5625,0.8660254038,75,5625
30,0.75,1,1,0,0,0,1,0,0.5625,0.8660254038,75,5625
30,0.75,1,1,0,0,0,1,0,0.5625,0.8660254038,75,5625
30,0.75,1,1,0,0,0,1,0,0.5625,0.8660254038,75,5625
30,0.75,1,1,0,0,0,1,0,0.5625,0.8660254038,75,5625
30,0.75,1,1,0,0,0,1,0,0.5625,0.8660254038,75,5625
30,0.75,1,1,0,0,0,1,0,0.5625,0.8660254038,75,5625
30,0.75,1,1,0,0,0,1,0,0.5625,0.8660254038,75,5625
30,0.75,1,1,0,0,0,1,0,0.5625,0.8660254038,75,5625
30,0.75,1,1,0,0,0,1,0,0.5625,0.8660254038,75,5625
30,0.75,1,1,0,0,0,1,0,0.5625,0.8660254038,75,5625
30,0.75,1,1,0,0,0,1,0,0.5625,0.8660254038,75,5625
31,0.75,2,1,0,0,0,0,1,0.5625,0.8660254038,75,5625
31,0.75,2,1,0,0,0,0,1,0.5625,0.8660254038,75,5625
31,0.75,2,1,0,0,0,0,1,0.5625,0.8660254038,75,5625
31,0.75,1,1,0,0,0,1,0,0.5625,0.8660254038,75,5625
31,0.75,1,1,0,0,0,1,0,0.5625,0.8660254038,75,5625
31,0.75,1,1,0,0,0,1,0,0.5625,0.8660254038,75,5625
31,0.75,1,1,0,0,0,1,0,0.5625,0.8660254038,75,5625
31,0.75,1,1,0,0,0,1,0,0.5625,0.8660254038,75,5625
31,0.75,1,1,0,0,0,1,0,0.5625,0.8660254038,75,5625
31,0.75,1,1,0,0,0,1,0,0.5625,0.8660254038,75,5625
31,0.75,1,1,0,0,0,1,0,0.5625,0.8660254038,75,5625
31,0.75,1,1,0,0,0,1,0,0.5625,0.8660254038,75,5625
31,0.75,1,1,0,0,0,1,0,0.5625,0.8660254038,75,5625
32,0.75,1,1,0,0,0,1,0,0.5625,0.8660254038,75,5625
32,0.75,1,1,0,0,0,1,0,0.5625,0.8660254038,75,5625
32,0.75,1,1,0,0,0,1,0,0.5625,0.8660254038,75,5625
32,0.75,1,1,0,0,0,1,0,0.5625,0.8660254038,75,5625
32,0.75,1,1,0,0,0,1,0,0.5625,0.8660254038,75,5625
32,0.75,1,1,0,0,0,1,0,0.5625,0.8660254038,75,5625
32,0.75,1,1,0,0,0,1,0,0.5625,0.8660254038,75,5625
32,0.75,1,1,0,0,0,1,0,0.5625,0.8660254038,75,5625
32,0.75,1,1,0,0,0,1,0,0.5625,0.8660254038,75,5625
32,0.75,1,1,0,0,0,1,0,0.5625,0.8660254038,75,5625
32,0.75,1,1,0,0,0,1,0,0.5625,0.8660254038,75,5625
32,0.75,1,1,0,0,0,1,0,0.5625,0.8660254038,75,5625
32,0.75,1,1,0,0,0,1,0,0.5625,0.8660254038,75,5625
32,0.75,1,1,0,0,0,1,0,0.5625,0.8660254038,75,5625
32,0.75,1,1,0,0,0,1,0,0.5625,0.8660254038,75,5625
33,0.75,1,1,0,0,0,1,0,0.5625,0.8660254038,75,5625
33,0.75,1,1,0,0,0,1,0,0.5625,0.8660254038,75,5625
33,0.75,1,1,0,0,0,1,0,0.5625,0.8660254038,75,5625
33,0.75,1,1,0,0,0,1,0,0.5625,0.8660254038,75,5625
33,0.75,1,1,0,0,0,1,0,0.5625,0.8660254038,75,5625
33,0.75,1,1,0,0,0,1,0,0.5625,0.8660254038,75,5625
33,0.75,1,1,0,0,0,1,0,0.5625,0.8660254038,75,5625
33,0.75,1,1,0,0,0,1,0,0.5625,0.8660254038,75,5625
33,0.75,1,1,0,0,0,1,0,0.5625,0.8660254038,75,5625
33,0.75,1,1,0,0,0,1,0,0.5625,0.8660254038,75,5625
33,0.75,1,1,0,0,0,1,0,0.5625,0.8660254038,75,5625
34,0.75,3,1,0,0,1,0,1,0.5625,0.8660254038,75,5625
34,0.75,3,1,0,0,1,0,1,0.5625,0.8660254038,75,5625
34,0.75,1,1,0,0,0,1,0,0.5625,0.8660254038,75,5625
34,0.75,1,1,0,0,0,1,0,0.5625,0.8660254038,75,5625
34,0.75,1,1,0,0,0,1,0,0.5625,0.8660254038,75,5625
34,0.75,1,1,0,0,0,1,0,0.5625,0.8660254038,75,5625
34,0.75,1,1,0,0,0,1,0,0.5625,0.8660254038,75,5625
34,0.75,1,1,0,0,0,1,0,0.5625,0.8660254038,75,5625
34,0.75,1,1,0,0,0,1,0,0.5625,0.8660254038,75,5625
34,0.75,1,1,0,0,0,1,0,0.5625,0.8660254038,75,5625
35,0.75,2,1,0,0,0,0,1,0.5625,0.8660254038,75,5625
35,0.75,1,1,0,0,0,1,0,0.5625,0.8660254038,75,5625
35,0.75,1,1,0,0,0,1,0,0.5625,0.8660254038,75,5625
35,0.75,1,1,0,0,0,1,0,0.5625,0.8660254038,75,5625
35,0.75,1,1,0,0,0,1,0,0.5625,0.8660254038,75,5625
35,0.75,1,1,0,0,0,1,0,0.5625,0.8660254038,75,5625
35,0.75,1,1,0,0,0,1,0,0.5625,0.8660254038,75,5625
35,0.75,1,1,0,0,0,1,0,0.5625,0.8660254038,75,5625
35,0.75,1,1,0,0,0,1,0,0.5625,0.8660254038,75,5625
35,0.75,1,1,0,0,0,1,0,0.5625,0.8660254038,75,5625
35,0.75,1,1,0,0,0,1,0,0.5625,0.8660254038,75,5625
35,0.75,1,1,0,0,0,1,0,0.5625,0.8660254038,75,5625
36,0.75,1,1,0,0,0,1,0,0.5625,0.8660254038,75,5625
36,0.75,1,1,0,0,0,1,0,0.5625,0.8660254038,75,5625
36,0.75,1,1,0,0,0,1,0,0.5625,0.8660254038,75,5625
36,0.75,1,1,0,0,0,1,0,0.5625,0.8660254038,75,5625
36,0.75,1,1,0,0,0,1,0,0.5625,0.8660254038,75,5625
36,0.75,1,1,0,0,0,1,0,0.5625,0.8660254038,75,5625
36,0.75,1,1,0,0,0,1,0,0.5625,0.8660254038,75,5625
36,0.75,1,1,0,0,0,1,0,0.5625,0.8660254038,75,5625
36,0.75,1,1,0,0,0,1,0,0.5625,0.8660254038,75,5625
36,0.75,1,1,0,0,0,1,0,0.5625,0.8660254038,75,5625
37,0.75,2,1,0,0,0,0,1,0.5625,0.8660254038,75,5625
37,0.75,1,1,0,0,0,1,0,0.5625,0.8660254038,75,5625
37,0.75,1,1,0,0,0,1,0,0.5625,0.8660254038,75,5625
37,0.75,1,1,0,0,0,1,0,0.5625,0.8660254038,75,5625
37,0.75,1,1,0,0,0,1,0,0.5625,0.8660254038,75,5625
37,0.75,1,1,0,0,0,1,0,0.5625,0.8660254038,75,5625
37,0.75,1,1,0,0,0,1,0,0.5625,0.8660254038,75,5625
37,0.75,1,1,0,0,0,1,0,0.5625,0.8660254038,75,5625
37,0.75,1,1,0,0,0,1,0,0.5625,0.8660254038,75,5625
37,0.75,1,1,0,0,0,1,0,0.5625,0.8660254038,75,5625
37,0.75,1,1,0,0,0,1,0,0.5625,0.8660254038,75,5625
37,0.75,1,1,0,0,0,1,0,0.5625,0.8660254038,75,5625
37,0.75,1,1,0,0,0,1,0,0.5625,0.8660254038,75,5625
37,0.75,1,1,0,0,0,1,0,0.5625,0.8660254038,75,5625
38,0.75,2,1,0,0,0,0,1,0.5625,0.8660254038,75,5625
38,0.75,1,1,0,0,0,1,0,0.5625,0.8660254038,75,5625
38,0.75,1,1,0,0,0,1,0,0.5625,0.8660254038,75,5625
38,0.75,1,1,0,0,0,1,0,0.5625,0.8660254038,75,5625
38,0.75,1,1,0,0,0,1,0,0.5625,0.8660254038,75,5625
38,0.75,1,1,0,0,0,1,0,0.5625,0.8660254038,75,5625
38,0.75,1,1,0,0,0,1,0,0.5625,0.8660254038,75,5625
38,0.75,1,1,0,0,0,1,0,0.5625,0.8660254038,75,5625
38,0.75,1,1,0,0,0,1,0,0.5625,0.8660254038,75,5625
38,0.75,1,1,0,0,0,1,0,0.5625,0.8660254038,75,5625
39,0.75,1,1,0,0,0,1,0,0.5625,0.8660254038,75,5625
39,0.75,1,1,0,0,0,1,0,0.5625,0.8660254038,75,5625
39,0.75,1,1,0,0,0,1,0,0.5625,0.8660254038,75,5625
39,0.75,1,1,0,0,0,1,0,0.5625,0.8660254038,75,5625
39,0.75,1,1,0,0,0,1,0,0.5625,0.8660254038,75,5625
39,0.75,1,1,0,0,0,1,0,0.5625,0.8660254038,75,5625
39,0.75,1,1,0,0,0,1,0,0.5625,0.8660254038,75,5625
39,0.75,1,1,0,0,0,1,0,0.5625,0.8660254038,75,5625
39,0.75,1,1,0,0,0,1,0,0.5625,0.8660254038,75,5625
39,0.75,1,1,0,0,0,1,0,0.5625,0.8660254038,75,5625
39,0.75,1,1,0,0,0,1,0,0.5625,0.8660254038,75,5625
39,0.75,1,1,0,0,0,1,0,0.5625,0.8660254038,75,5625
39,0.75,1,1,0,0,0,1,0,0.5625,0.8660254038,75,5625
39,0.75,1,1,0,0,0,1,0,0.5625,0.8660254038,75,5625
40,0.75,3,1,0,0,1,0,1,0.5625,0.8660254038,75,5625
40,0.75,2,1,0,0,0,0,1,0.5625,0.8660254038,75,5625
40,0.75,1,1,0,0,0,1,0,0.5625,0.8660254038,75,5625
40,0.75,1,1,0,0,0,1,0,0.5625,0.8660254038,75,5625
40,0.75,1,1,0,0,0,1,0,0.5625,0.8660254038,75,5625
40,0.75,1,1,0,0,0,1,0,0.5625,0.8660254038,75,5625
40,0.75,1,1,0,0,0,1,0,0.5625,0.8660254038,75,5625
40,0.75,1,1,0,0,0,1,0,0.5625,0.8660254038,75,5625
40,0.75,1,1,0,0,0,1,0,0.5625,0.8660254038,75,5625
40,0.75,1,1,0,0,0,1,0,0.5625,0.8660254038,75,5625
40,0.75,1,1,0,0,0,1,0,0.5625,0.8660254038,75,5625
40,0.75,1,1,0,0,0,1,0,0.5625,0.8660254038,75,5625
40,0.75,1,1,0,0,0,1,0,0.5625,0.8660254038,75,5625
41,0.75,2,1,0,0,0,0,1,0.5625,0.8660254038,75,5625
41,0.75,1,1,0,0,0,1,0,0.5625,0.8660254038,75,5625
41,0.75,1,1,0,0,0,1,0,0.5625,0.8660254038,75,5625
41,0.75,1,1,0,0,0,1,0,0.5625,0.8660254038,75,5625
41,0.75,1,1,0,0,0,1,0,0.5625,0.8660254038,75,5625
41,0.75,1,1,0,0,0,1,0,0.5625,0.8660254038,75,5625
41,0.75,1,1,0,0,0,1,0,0.5625,0.8660254038,75,5625
41,0.75,1,1,0,0,0,1,0,0.5625,0.8660254038,75,5625
41,0.75,1,1,0,0,0,1,0,0.5625,0.8660254038,75,5625
41,0.75,1,1,0,0,0,1,0,0.5625,0.8660254038,75,5625
42,0.75,2,1,0,0,0,0,1,0.5625,0.8660254038,75,5625
42,0.75,1,1,0,0,0,1,0,0.5625,0.8660254038,75,5625
42,0.75,1,1,0,0,0,1,0,0.5625,0.8660254038,75,5625
42,0.75,1,1,0,0,0,1,0,0.5625,0.8660254038,75,5625
42,0.75,1,1,0,0,0,1,0,0.5625,0.8660254038,75,5625
42,0.75,1,1,0,0,0,1,0,0.5625,0.8660254038,75,5625
42,0.75,1,1,0,0,0,1,0,0.5625,0.8660254038,75,5625
42,0.75,1,1,0,0,0,1,0,0.5625,0.8660254038,75,5625
42,0.75,1,1,0,0,0,1,0,0.5625,0.8660254038,75,5625
42,0.75,1,1,0,0,0,1,0,0.5625,0.8660254038,75,5625
42,0.75,1,1,0,0,0,1,0,0.5625,0.8660254038,75,5625
43,0.75,1,1,0,0,0,1,0,0.5625,0.8660254038,75,5625
43,0.75,1,1,0,0,0,1,0,0.5625,0.8660254038,75,5625
43,0.75,1,1,0,0,0,1,0,0.5625,0.8660254038,75,5625
43,0.75,1,1,0,0,0,1,0,0.5625,0.8660254038,75,5625
43,0.75,1,1,0,0,0,1,0,0.5625,0.8660254038,75,5625
43,0.75,1,1,0,0,0,1,0,0.5625,0.8660254038,75,5625
43,0.75,1,1,0,0,0,1,0,0.5625,0.8660254038,75,5625
43,0.75,1,1,0,0,0,1,0,0.5625,0.8660254038,75,5625
43,0.75,1,1,0,0,0,1,0,0.5625,0.8660254038,75,5625
43,0.75,1,1,0,0,0,1,0,0.5625,0.8660254038,75,5625
43,0.75,1,1,0,0,0,1,0,0.5625,0.8660254038,75,5625
43,0.75,1,1,0,0,0,1,0,0.5625,0.8660254038,75,5625
43,0.75,1,1,0,0,0,1,0,0.5625,0.8660254038,75,5625
43,0.75,1,1,0,0,0,1,0,0.5625,0.8660254038,75,5625
43,0.75,1,1,0,0,0,1,0,0.5625,0.8660254038,75,5625
44,0.75,1,1,0,0,0,1,0,0.5625,0.8660254038,75,5625
44,0.75,1,1,0,0,0,1,0,0.5625,0.8660254038,75,5625
44,0.75,1,1,0,0,0,1,0,0.5625,0.8660254038,75,5625
44,0.75,1,1,0,0,0,1,0,0.5625,0.8660254038,75,5625
44,0.75,1,1,0,0,0,1,0,0.5625,0.8660254038,75,5625
44,0.75,1,1,0,0,0,1,0,0.5625,0.8660254038,75,5625
44,0.75,1,1,0,0,0,1,0,0.5625,0.8660254038,75,5625
44,0.75,1,1,0,0,0,1,0,0.5625,0.8660254038,75,5625
44,0.75,1,1,0,0,0,1,0,0.5625,0.8660254038,75,5625
44,0.75,1,1,0,0,0,1,0,0.5625,0.8660254038,75,5625
44,0.75,1,1,0,0,0,1,0,0.5625,0.8660254038,75,5625
44,0.75,1,1,0,0,0,1,0,0.5625,0.8660254038,75,5625
44,0.75,1,1,0,0,0,1,0,0.5625,0.8660254038,75,5625
44,0.75,1,1,0,0,0,1,0,0.5625,0.8660254038,75,5625
44,0.75,1,1,0,0,0,1,0,0.5625,0.8660254038,75,5625
45,0.75,2,1,0,0,0,0,1,0.5625,0.8660254038,75,5625
45,0.75,2,1,0,0,0,0,1,0.5625,0.8660254038,75,5625
45,0.75,2,1,0,0,0,0,1,0.5625,0.8660254038,75,5625
45,0.75,1,1,0,0,0,1,0,0.5625,0.8660254038,75,5625
45,0.75,1,1,0,0,0,1,0,0.5625,0.8660254038,75,5625
45,0.75,1,1,0,0,0,1,0,0.5625,0.8660254038,75,5625
45,0.75,1,1,0,0,0,1,0,0.5625,0.8660254038,75,5625
45,0.75,1,1,0,0,0,1,0,0.5625,0.8660254038,75,5625
45,0.75,1,1,0,0,0,1,0,0.5625,0.8660254038,75,5625
45,0.75,1,1,0,0,0,1,0,0.5625,0.8660254038,75,5625
45,0.75,1,1,0,0,0,1,0,0.5625,0.8660254038,75,5625
45,0.75,1,1,0,0,0,1,0,0.5625,0.8660254038,75,5625
45,0.75,1,1,0,0,0,1,0,0.5625,0.8660254038,75,5625
46,0.75,2,1,0,0,0,0,1,0.5625,0.8660254038,75,5625
46,0.75,2,1,0,0,0,0,1,0.5625,0.8660254038,75,5625
46,0.75,1,1,0,0,0,1,0,0.5625,0.8660254038,75,5625
46,0.75,1,1,0,0,0,1,0,0.5625,0.8660254038,75,5625
46,0.75,1,1,0,0,0,1,0,0.5625,0.8660254038,75,5625
46,0.75,1,1,0,0,0,1,0,0.5625,0.8660254038,75,5625
46,0.75,1,1,0,0,0,1,0,0.5625,0.8660254038,75,5625
47,0.75,2,1,0,0,0,0,1,0.5625,0.8660254038,75,5625
47,0.75,1,1,0,0,0,1,0,0.5625,0.8660254038,75,5625
47,0.75,1,1,0,0,0,1,0,0.5625,0.8660254038,75,5625
47,0.75,1,1,0,0,0,1,0,0.5625,0.8660254038,75,5625
47,0.75,1,1,0,0,0,1,0,0.5625,0.8660254038,75,5625
47,0.75,1,1,0,0,0,1,0,0.5625,0.8660254038,75,5625
47,0.75,1,1,0,0,0,1,0,0.5625,0.8660254038,75,5625
47,0.75,1,1,0,0,0,1,0,0.5625,0.8660254038,75,5625
47,0.75,1,1,0,0,0,1,0,0.5625,0.8660254038,75,5625
47,0.75,1,1,0,0,0,1,0,0.5625,0.8660254038,75,5625
47,0.75,1,1,0,0,0,1,0,0.5625,0.8660254038,75,5625
47,0.75,1,1,0,0,0,1,0,0.5625,0.8660254038,75,5625
48,0.75,2,1,0,0,0,0,1,0.5625,0.8660254038,75,5625
48,0.75,1,1,0,0,0,1,0,0.5625,0.8660254038,75,5625
48,0.75,1,1,0,0,0,1,0,0.5625,0.8660254038,75,5625
48,0.75,1,1,0,0,0,1,0,0.5625,0.8660254038,75,5625
48,0.75,1,1,0,0,0,1,0,0.5625,0.8660254038,75,5625
48,0.75,1,1,0,0,0,1,0,0.5625,0.8660254038,75,5625
48,0.75,1,1,0,0,0,1,0,0.5625,0.8660254038,75,5625
49,0.75,3,1,0,0,1,0,1,0.5625,0.8660254038,75,5625
49,0.75,2,1,0,0,0,0,1,0.5625,0.8660254038,75,5625
49,0.75,1,1,0,0,0,1,0,0.5625,0.8660254038,75,5625
49,0.75,1,1,0,0,0,1,0,0.5625,0.8660254038,75,5625
49,0.75,1,1,0,0,0,1,0,0.5625,0.8660254038,75,5625
49,0.75,1,1,0,0,0,1,0,0.5625,0.8660254038,75,5625
49,0.75,1,1,0,0,0,1,0,0.5625,0.8660254038,75,5625
49,0.75,1,1,0,0,0,1,0,0.5625,0.8660254038,75,5625
49,0.75,1,1,0,0,0,1,0,0.5625,0.8660254038,75,5625
49,0.75,1,1,0,0,0,1,0,0.5625,0.8660254038,75,5625
50,1.5,2,0,1,0,0,0,1,2.25,1.2247448714,150,22500
50,1.5,2,0,1,0,0,0,1,2.25,1.2247448714,150,22500
50,1.5,2,0,1,0,0,0,1,2.25,1.2247448714,150,22500
50,1.5,2,0,1,0,0,0,1,2.25,1.2247448714,150,22500
50,1.5,2,0,1,0,0,0,1,2.25,1.2247448714,150,22500
50,1.5,2,0,1,0,0,0,1,2.25,1.2247448714,150,22500
50,1.5,2,0,1,0,0,0,1,2.25,1.2247448714,150,22500
50,1.5,2,0,1,0,0,0,1,2.25,1.2247448714,150,22500
50,1.5,1,0,1,0,0,1,0,2.25,1.2247448714,150,22500
50,1.5,1,0,1,0,0,1,0,2.25,1.2247448714,150,22500
51,1.5,2,0,1,0,0,0,1,2.25,1.2247448714,150,22500
51,1.5,2,0,1,0,0,0,1,2.25,1.2247448714,150,22500
51,1.5,2,0,1,0,0,0,1,2.25,1.2247448714,150,22500
51,1.5,2,0,1,0,0,0,1,2.25,1.2247448714,150,22500
51,1.5,2,0,1,0,0,0,1,2.25,1.2247448714,150,22500
51,1.5,2,0,1,0,0,0,1,2.25,1.2247448714,150,22500
51,1.5,1,0,1,0,0,1,0,2.25,1.2247448714,150,22500
51,1.5,1,0,1,0,0,1,0,2.25,1.2247448714,150,22500
51,1.5,1,0,1,0,0,1,0,2.25,1.2247448714,150,22500
51,1.5,1,0,1,0,0,1,0,2.25,1.2247448714,150,22500
51,1.5,1,0,1,0,0,1,0,2.25,1.2247448714,150,22500
52,1.5,2,0,1,0,0,0,1,2.25,1.2247448714,150,22500
52,1.5,2,0,1,0,0,0,1,2.25,1.2247448714,150,22500
52,1.5,2,0,1,0,0,0,1,2.25,1.2247448714,150,22500
52,1.5,2,0,1,0,0,0,1,2.25,1.2247448714,150,22500
52,1.5,2,0,1,0,0,0,1,2.25,1.2247448714,150,22500
52,1.5,1,0,1,0,0,1,0,2.25,1.2247448714,150,22500
52,1.5,1,0,1,0,0,1,0,2.25,1.2247448714,150,22500
52,1.5,1,0,1,0,0,1,0,2.25,1.2247448714,150,22500
52,1.5,1,0,1,0,0,1,0,2.25,1.2247448714,150,22500
52,1.5,1,0,1,0,0,1,0,2.25,1.2247448714,150,22500
52,1.5,1,0,1,0,0,1,0,2.25,1.2247448714,150,22500
52,1.5,1,0,1,0,0,1,0,2.25,1.2247448714,150,22500
53,1.5,2,0,1,0,0,0,1,2.25,1.2247448714,150,22500
53,1.5,2,0,1,0,0,0,1,2.25,1.2247448714,150,22500
53,1.5,2,0,1,0,0,0,1,2.25,1.2247448714,150,22500
53,1.5,2,0,1,0,0,0,1,2.25,1.2247448714,150,22500
53,1.5,2,0,1,0,0,0,1,2.25,1.2247448714,150,22500
53,1.5,2,0,1,0,0,0,1,2.25,1.2247448714,150,22500
53,1.5,2,0,1,0,0,0,1,2.25,1.2247448714,150,22500
53,1.5,2,0,1,0,0,0,1,2.25,1.2247448714,150,22500
53,1.5,2,0,1,0,0,0,1,2.25,1.2247448714,150,22500
53,1.5,2,0,1,0,0,0,1,2.25,1.2247448714,150,22500
53,1.5,2,0,1,0,0,0,1,2.25,1.2247448714,150,22500
53,1.5,1,0,1,0,0,1,0,2.25,1.2247448714,150,22500
53,1.5,1,0,1,0,0,1,0,2.25,1.2247448714,150,22500
54,1.5,3,0,1,0,1,0,1,2.25,1.2247448714,150,22500
54,1.5,2,0,1,0,0,0,1,2.25,1.2247448714,150,22500
54,1.5,2,0,1,0,0,0,1,2.25,1.2247448714,150,22500
54,1.5,2,0,1,0,0,0,1,2.25,1.2247448714,150,22500
54,1.5,2,0,1,0,0,0,1,2.25,1.2247448714,150,22500
54,1.5,2,0,1,0,0,0,1,2.25,1.2247448714,150,22500
54,1.5,2,0,1,0,0,0,1,2.25,1.2247448714,150,22500
54,1.5,1,0,1,0,0,1,0,2.25,1.2247448714,150,22500
54,1.5,1,0,1,0,0,1,0,2.25,1.2247448714,150,22500
54,1.5,1,0,1,0,0,1,0,2.25,1.2247448714,150,22500
55,1.5,2,0,1,0,0,0,1,2.25,1.2247448714,150,22500
55,1.5,2,0,1,0,0,0,1,2.25,1.2247448714,150,22500
55,1.5,2,0,1,0,0,0,1,2.25,1.2247448714,150,22500
55,1.5,2,0,1,0,0,0,1,2.25,1.2247448714,150,22500
55,1.5,2,0,1,0,0,0,1,2.25,1.2247448714,150,22500
55,1.5,2,0,1,0,0,0,1,2.25,1.2247448714,150,22500
55,1.5,2,0,1,0,0,0,1,2.25,1.2247448714,150,22500
55,1.5,1,0,1,0,0,1,0,2.25,1.2247448714,150,22500
55,1.5,1,0,1,0,0,1,0,2.25,1.2247448714,150,22500
55,1.5,1,0,1,0,0,1,0,2.25,1.2247448714,150,22500
55,1.5,1,0,1,0,0,1,0,2.25,1.2247448714,150,22500
55,1.5,1,0,1,0,0,1,0,2.25,1.2247448714,150,22500
55,1.5,1,0,1,0,0,1,0,2.25,1.2247448714,150,22500
56,1.5,1,0,1,0,0,1,0,2.25,1.2247448714,150,22500
57,1.5,2,0,1,0,0,0,1,2.25,1.2247448714,150,22500
57,1.5,2,0,1,0,0,0,1,2.25,1.2247448714,150,22500
57,1.5,2,0,1,0,0,0,1,2.25,1.2247448714,150,22500
57,1.5,1,0,1,0,0,1,0,2.25,1.2247448714,150,22500
57,1.5,1,0,1,0,0,1,0,2.25,1.2247448714,150,22500
57,1.5,1,0,1,0,0,1,0,2.25,1.2247448714,150,22500
57,1.5,1,0,1,0,0,1,0,2.25,1.2247448714,150,22500
57,1.5,1,0,1,0,0,1,0,2.25,1.2247448714,150,22500
57,1.5,1,0,1,0,0,1,0,2.25,1.2247448714,150,22500
57,1.5,1,0,1,0,0,1,0,2.25,1.2247448714,150,22500
57,1.5,1,0,1,0,0,1,0,2.25,1.2247448714,150,22500
58,1.5,2,0,1,0,0,0,1,2.25,1.2247448714,150,22500
58,1.5,2,0,1,0,0,0,1,2.25,1.2247448714,150,22500
58,1.5,2,0,1,0,0,0,1,2.25,1.2247448714,150,22500
58,1.5,2,0,1,0,0,0,1,2.25,1.2247448714,150,22500
58,1.5,2,0,1,0,0,0,1,2.25,1.2247448714,150,22500
58,1.5,2,0,1,0,0,0,1,2.25,1.2247448714,150,22500
58,1.5,2,0,1,0,0,0,1,2.25,1.2247448714,150,22500
58,1.5,2,0,1,0,0,0,1,2.25,1.2247448714,150,22500
58,1.5,1,0,1,0,0,1,0,2.25,1.2247448714,150,22500
58,1.5,1,0,1,0,0,1,0,2.25,1.2247448714,150,22500
58,1.5,1,0,1,0,0,1,0,2.25,1.2247448714,150,22500
59,1.5,2,0,1,0,0,0,1,2.25,1.2247448714,150,22500
59,1.5,2,0,1,0,0,0,1,2.25,1.2247448714,150,22500
59,1.5,1,0,1,0,0,1,0,2.25,1.2247448714,150,22500
59,1.5,1,0,1,0,0,1,0,2.25,1.2247448714,150,22500
59,1.5,1,0,1,0,0,1,0,2.25,1.2247448714,150,22500
59,1.5,1,0,1,0,0,1,0,2.25,1.2247448714,150,22500
59,1.5,1,0,1,0,0,1,0,2.25,1.2247448714,150,22500
59,1.5,1,0,1,0,0,1,0,2.25,1.2247448714,150,22500
59,1.5,1,0,1,0,0,1,0,2.25,1.2247448714,150,22500
59,1.5,1,0,1,0,0,1,0,2.25,1.2247448714,150,22500
59,1.5,1,0,1,0,0,1,0,2.25,1.2247448714,150,22500
59,1.5,1,0,1,0,0,1,0,2.25,1.2247448714,150,22500
59,1.5,1,0,1,0,0,1,0,2.25,1.2247448714,150,22500
59,1.5,1,0,1,0,0,1,0,2.25,1.2247448714,150,22500
60,1.5,2,0,1,0,0,0,1,2.25,1.2247448714,150,22500
60,1.5,1,0,1,0,0,1,0,2.25,1.2247448714,150,22500
60,1.5,1,0,1,0,0,1,0,2.25,1.2247448714,150,22500
60,1.5,1,0,1,0,0,1,0,2.25,1.2247448714,150,22500
60,1.5,1,0,1,0,0,1,0,2.25,1.2247448714,150,22500
60,1.5,1,0,1,0,0,1,0,2.25,1.2247448714,150,22500
60,1.5,1,0,1,0,0,1,0,2.25,1.2247448714,150,22500
60,1.5,1,0,1,0,0,1,0,2.25,1.2247448714,150,22500
60,1.5,1,0,1,0,0,1,0,2.25,1.2247448714,150,22500
60,1.5,1,0,1,0,0,1,0,2.25,1.2247448714,150,22500
60,1.5,1,0,1,0,0,1,0,2.25,1.2247448714,150,22500
60,1.5,1,0,1,0,0,1,0,2.25,1.2247448714,150,22500
60,1.5,1,0,1,0,0,1,0,2.25,1.2247448714,150,22500
61,1.5,2,0,1,0,0,0,1,2.25,1.2247448714,150,22500
61,1.5,2,0,1,0,0,0,1,2.25,1.2247448714,150,22500
61,1.5,2,0,1,0,0,0,1,2.25,1.2247448714,150,22500
61,1.5,2,0,1,0,0,0,1,2.25,1.2247448714,150,22500
61,1.5,2,0,1,0,0,0,1,2.25,1.2247448714,150,22500
61,1.5,2,0,1,0,0,0,1,2.25,1.2247448714,150,22500
61,1.5,2,0,1,0,0,0,1,2.25,1.2247448714,150,22500
61,1.5,2,0,1,0,0,0,1,2.25,1.2247448714,150,22500
61,1.5,2,0,1,0,0,0,1,2.25,1.2247448714,150,22500
61,1.5,2,0,1,0,0,0,1,2.25,1.2247448714,150,22500
61,1.5,1,0,1,0,0,1,0,2.25,1.2247448714,150,22500
61,1.5,1,0,1,0,0,1,0,2.25,1.2247448714,150,22500
61,1.5,1,0,1,0,0,1,0,2.25,1.2247448714,150,22500
61,1.5,1,0,1,0,0,1,0,2.25,1.2247448714,150,22500
61,1.5,1,0,1,0,0,1,0,2.25,1.2247448714,150,22500
62,1.5,2,0,1,0,0,0,1,2.25,1.2247448714,150,22500
62,1.5,2,0,1,0,0,0,1,2.25,1.2247448714,150,22500
62,1.5,2,0,1,0,0,0,1,2.25,1.2247448714,150,22500
62,1.5,2,0,1,0,0,0,1,2.25,1.2247448714,150,22500
62,1.5,2,0,1,0,0,0,1,2.25,1.2247448714,150,22500
62,1.5,1,0,1,0,0,1,0,2.25,1.2247448714,150,22500
62,1.5,1,0,1,0,0,1,0,2.25,1.2247448714,150,22500
62,1.5,1,0,1,0,0,1,0,2.25,1.2247448714,150,22500
62,1.5,1,0,1,0,0,1,0,2.25,1.2247448714,150,22500
62,1.5,1,0,1,0,0,1,0,2.25,1.2247448714,150,22500
62,1.5,1,0,1,0,0,1,0,2.25,1.2247448714,150,22500
63,1.5,2,0,1,0,0,0,1,2.25,1.2247448714,150,22500
63,1.5,1,0,1,0,0,1,0,2.25,1.2247448714,150,22500
63,1.5,1,0,1,0,0,1,0,2.25,1.2247448714,150,22500
63,1.5,1,0,1,0,0,1,0,2.25,1.2247448714,150,22500
63,1.5,1,0,1,0,0,1,0,2.25,1.2247448714,150,22500
63,1.5,1,0,1,0,0,1,0,2.25,1.2247448714,150,22500
63,1.5,1,0,1,0,0,1,0,2.25,1.2247448714,150,22500
63,1.5,1,0,1,0,0,1,0,2.25,1.2247448714,150,22500
63,1.5,1,0,1,0,0,1,0,2.25,1.2247448714,150,22500
63,1.5,1,0,1,0,0,1,0,2.25,1.2247448714,150,22500
63,1.5,1,0,1,0,0,1,0,2.25,1.2247448714,150,22500
63,1.5,1,0,1,0,0,1,0,2.25,1.2247448714,150,22500
64,1.5,2,0,1,0,0,0,1,2.25,1.2247448714,150,22500
64,1.5,2,0,1,0,0,0,1,2.25,1.2247448714,150,22500
64,1.5,2,0,1,0,0,0,1,2.25,1.2247448714,150,22500
64,1.5,1,0,1,0,0,1,0,2.25,1.2247448714,150,22500
64,1.5,1,0,1,0,0,1,0,2.25,1.2247448714,150,22500
64,1.5,1,0,1,0,0,1,0,2.25,1.2247448714,150,22500
64,1.5,1,0,1,0,0,1,0,2.25,1.2247448714,150,22500
64,1.5,1,0,1,0,0,1,0,2.25,1.2247448714,150,22500
64,1.5,1,0,1,0,0,1,0,2.25,1.2247448714,150,22500
64,1.5,1,0,1,0,0,1,0,2.25,1.2247448714,150,22500
64,1.5,1,0,1,0,0,1,0,2.25,1.2247448714,150,22500
64,1.5,1,0,1,0,0,1,0,2.25,1.2247448714,150,22500
64,1.5,1,0,1,0,0,1,0,2.25,1.2247448714,150,22500
65,1.5,1,0,1,0,0,1,0,2.25,1.2247448714,150,22500
65,1.5,1,0,1,0,0,1,0,2.25,1.2247448714,150,22500
65,1.5,1,0,1,0,0,1,0,2.25,1.2247448714,150,22500
65,1.5,1,0,1,0,0,1,0,2.25,1.2247448714,150,22500
65,1.5,1,0,1,0,0,1,0,2.25,1.2247448714,150,22500
65,1.5,1,0,1,0,0,1,0,2.25,1.2247448714,150,22500
65,1.5,1,0,1,0,0,1,0,2.25,1.2247448714,150,22500
65,1.5,1,0,1,0,0,1,0,2.25,1.2247448714,150,22500
65,1.5,1,0,1,0,0,1,0,2.25,1.2247448714,150,22500
65,1.5,1,0,1,0,0,1,0,2.25,1.2247448714,150,22500
65,1.5,1,0,1,0,0,1,0,2.25,1.2247448714,150,22500
65,1.5,1,0,1,0,0,1,0,2.25,1.2247448714,150,22500
65,1.5,1,0,1,0,0,1,0,2.25,1.2247448714,150,22500
66,1.5,2,0,1,0,0,0,1,2.25,1.2247448714,150,22500
66,1.5,2,0,1,0,0,0,1,2.25,1.2247448714,150,22500
66,1.5,2,0,1,0,0,0,1,2.25,1.2247448714,150,22500
66,1.5,2,0,1,0,0,0,1,2.25,1.2247448714,150,22500
66,1.5,2,0,1,0,0,0,1,2.25,1.2247448714,150,22500
66,1.5,2,0,1,0,0,0,1,2.25,1.2247448714,150,22500
66,1.5,1,0,1,0,0,1,0,2.25,1.2247448714,150,22500
67,1.5,2,0,1,0,0,0,1,2.25,1.2247448714,150,22500
67,1.5,2,0,1,0,0,0,1,2.25,1.2247448714,150,22500
67,1.5,1,0,1,0,0,1,0,2.25,1.2247448714,150,22500
67,1.5,1,0,1,0,0,1,0,2.25,1.2247448714,150,22500
67,1.5,1,0,1,0,0,1,0,2.25,1.2247448714,150,22500
67,1.5,1,0,1,0,0,1,0,2.25,1.2247448714,150,22500
67,1.5,1,0,1,0,0,1,0,2.25,1.2247448714,150,22500
67,1.5,1,0,1,0,0,1,0,2.25,1.2247448714,150,22500
68,1.5,2,0,1,0,0,0,1,2.25,1.2247448714,150,22500
68,1.5,1,0,1,0,0,1,0,2.25,1.2247448714,150,22500
68,1.5,1,0,1,0,0,1,0,2.25,1.2247448714,150,22500
69,1.5,1,0,1,0,0,1,0,2.25,1.2247448714,150,22500
69,1.5,1,0,1,0,0,1,0,2.25,1.2247448714,150,22500
69,1.5,1,0,1,0,0,1,0,2.25,1.2247448714,150,22500
69,1.5,1,0,1,0,0,1,0,2.25,1.2247448714,150,22500
69,1.5,1,0,1,0,0,1,0,2.25,1.2247448714,150,22500
69,1.5,1,0,1,0,0,1,0,2.25,1.2247448714,150,22500
69,1.5,1,0,1,0,0,1,0,2.25,1.2247448714,150,22500
70,1.5,2,0,1,0,0,0,1,2.25,1.2247448714,150,22500
70,1.5,2,0,1,0,0,0,1,2.25,1.2247448714,150,22500
70,1.5,2,0,1,0,0,0,1,2.25,1.2247448714,150,22500
70,1.5,2,0,1,0,0,0,1,2.25,1.2247448714,150,22500
70,1.5,1,0,1,0,0,1,0,2.25,1.2247448714,150,22500
70,1.5,1,0,1,0,0,1,0,2.25,1.2247448714,150,22500
70,1.5,1,0,1,0,0,1,0,2.25,1.2247448714,150,22500
70,1.5,1,0,1,0,0,1,0,2.25,1.2247448714,150,22500
70,1.5,1,0,1,0,0,1,0,2.25,1.2247448714,150,22500
70,1.5,1,0,1,0,0,1,0,2.25,1.2247448714,150,22500
71,1.5,1,0,1,0,0,1,0,2.25,1.2247448714,150,22500
71,1.5,1,0,1,0,0,1,0,2.25,1.2247448714,150,22500
71,1.5,1,0,1,0,0,1,0,2.25,1.2247448714,150,22500
71,1.5,1,0,1,0,0,1,0,2.25,1.2247448714,150,22500
71,1.5,1,0,1,0,0,1,0,2.25,1.2247448714,150,22500
71,1.5,1,0,1,0,0,1,0,2.25,1.2247448714,150,22500
71,1.5,1,0,1,0,0,1,0,2.25,1.2247448714,150,22500
71,1.5,1,0,1,0,0,1,0,2.25,1.2247448714,150,22500
71,1.5,1,0,1,0,0,1,0,2.25,1.2247448714,150,22500
71,1.5,1,0,1,0,0,1,0,2.25,1.2247448714,150,22500
71,1.5,1,0,1,0,0,1,0,2.25,1.2247448714,150,22500
71,1.5,1,0,1,0,0,1,0,2.25,1.2247448714,150,22500
72,3,2,0,0,1,0,0,1,9,1.7320508076,300,90000
72,3,2,0,0,1,0,0,1,9,1.7320508076,300,90000
72,3,2,0,0,1,0,0,1,9,1.7320508076,300,90000
72,3,2,0,0,1,0,0,1,9,1.7320508076,300,90000
72,3,1,0,0,1,0,1,0,9,1.7320508076,300,90000
72,3,1,0,0,1,0,1,0,9,1.7320508076,300,90000
72,3,1,0,0,1,0,1,0,9,1.7320508076,300,90000
73,3,3,0,0,1,1,0,1,9,1.7320508076,300,90000
73,3,2,0,0,1,0,0,1,9,1.7320508076,300,90000
73,3,2,0,0,1,0,0,1,9,1.7320508076,300,90000
73,3,2,0,0,1,0,0,1,9,1.7320508076,300,90000
73,3,2,0,0,1,0,0,1,9,1.7320508076,300,90000
73,3,2,0,0,1,0,0,1,9,1.7320508076,300,90000
73,3,2,0,0,1,0,0,1,9,1.7320508076,300,90000
73,3,2,0,0,1,0,0,1,9,1.7320508076,300,90000
73,3,2,0,0,1,0,0,1,9,1.7320508076,300,90000
73,3,2,0,0,1,0,0,1,9,1.7320508076,300,90000
73,3,1,0,0,1,0,1,0,9,1.7320508076,300,90000
74,3,2,0,0,1,0,0,1,9,1.7320508076,300,90000
74,3,2,0,0,1,0,0,1,9,1.7320508076,300,90000
74,3,2,0,0,1,0,0,1,9,1.7320508076,300,90000
74,3,2,0,0,1,0,0,1,9,1.7320508076,300,90000
74,3,1,0,0,1,0,1,0,9,1.7320508076,300,90000
74,3,1,0,0,1,0,1,0,9,1.7320508076,300,90000
74,3,1,0,0,1,0,1,0,9,1.7320508076,300,90000
74,3,1,0,0,1,0,1,0,9,1.7320508076,300,90000
74,3,1,0,0,1,0,1,0,9,1.7320508076,300,90000
74,3,1,0,0,1,0,1,0,9,1.7320508076,300,90000
74,3,1,0,0,1,0,1,0,9,1.7320508076,300,90000
74,3,1,0,0,1,0,1,0,9,1.7320508076,300,90000
75,3,3,0,0,1,1,0,1,9,1.7320508076,300,90000
75,3,2,0,0,1,0,0,1,9,1.7320508076,300,90000
75,3,2,0,0,1,0,0,1,9,1.7320508076,300,90000
75,3,2,0,0,1,0,0,1,9,1.7320508076,300,90000
75,3,2,0,0,1,0,0,1,9,1.7320508076,300,90000
75,3,2,0,0,1,0,0,1,9,1.7320508076,300,90000
75,3,2,0,0,1,0,0,1,9,1.7320508076,300,90000
75,3,2,0,0,1,0,0,1,9,1.7320508076,300,90000
75,3,2,0,0,1,0,0,1,9,1.7320508076,300,90000
75,3,2,0,0,1,0,0,1,9,1.7320508076,300,90000
75,3,2,0,0,1,0,0,1,9,1.7320508076,300,90000
75,3,2,0,0,1,0,0,1,9,1.7320508076,300,90000
76,3,2,0,0,1,0,0,1,9,1.7320508076,300,90000
76,3,2,0,0,1,0,0,1,9,1.7320508076,300,90000
76,3,2,0,0,1,0,0,1,9,1.7320508076,300,90000
76,3,2,0,0,1,0,0,1,9,1.7320508076,300,90000
76,3,2,0,0,1,0,0,1,9,1.7320508076,300,90000
76,3,2,0,0,1,0,0,1,9,1.7320508076,300,90000
76,3,2,0,0,1,0,0,1,9,1.7320508076,300,90000
76,3,1,0,0,1,0,1,0,9,1.7320508076,300,90000
76,3,1,0,0,1,0,1,0,9,1.7320508076,300,90000
76,3,1,0,0,1,0,1,0,9,1.7320508076,300,90000
77,3,2,0,0,1,0,0,1,9,1.7320508076,300,90000
77,3,2,0,0,1,0,0,1,9,1.7320508076,300,90000
77,3,2,0,0,1,0,0,1,9,1.7320508076,300,90000
77,3,2,0,0,1,0,0,1,9,1.7320508076,300,90000
77,3,2,0,0,1,0,0,1,9,1.7320508076,300,90000
77,3,2,0,0,1,0,0,1,9,1.7320508076,300,90000
77,3,2,0,0,1,0,0,1,9,1.7320508076,300,90000
77,3,2,0,0,1,0,0,1,9,1.7320508076,300,90000
77,3,2,0,0,1,0,0,1,9,1.7320508076,300,90000
77,3,1,0,0,1,0,1,0,9,1.7320508076,300,90000
78,3,2,0,0,1,0,0,1,9,1.7320508076,300,90000
78,3,2,0,0,1,0,0,1,9,1.7320508076,300,90000
78,3,2,0,0,1,0,0,1,9,1.7320508076,300,90000
78,3,1,0,0,1,0,1,0,9,1.7320508076,300,90000
79,3,2,0,0,1,0,0,1,9,1.7320508076,300,90000
79,3,2,0,0,1,0,0,1,9,1.7320508076,300,90000
79,3,2,0,0,1,0,0,1,9,1.7320508076,300,90000
79,3,2,0,0,1,0,0,1,9,1.7320508076,300,90000
79,3,2,0,0,1,0,0,1,9,1.7320508076,300,90000
79,3,2,0,0,1,0,0,1,9,1.7320508076,300,90000
79,3,2,0,0,1,0,0,1,9,1.7320508076,300,90000
80,3,2,0,0,1,0,0,1,9,1.7320508076,300,90000
80,3,1,0,0,1,0,1,0,9,1.7320508076,300,90000
80,3,1,0,0,1,0,1,0,9,1.7320508076,300,90000
80,3,1,0,0,1,0,1,0,9,1.7320508076,300,90000
81,3,2,0,0,1,0,0,1,9,1.7320508076,300,90000
81,3,2,0,0,1,0,0,1,9,1.7320508076,300,90000
81,3,2,0,0,1,0,0,1,9,1.7320508076,300,90000
81,3,2,0,0,1,0,0,1,9,1.7320508076,300,90000
81,3,2,0,0,1,0,0,1,9,1.7320508076,300,90000
81,3,2,0,0,1,0,0,1,9,1.7320508076,300,90000
81,3,2,0,0,1,0,0,1,9,1.7320508076,300,90000
81,3,2,0,0,1,0,0,1,9,1.7320508076,300,90000
81,3,2,0,0,1,0,0,1,9,1.7320508076,300,90000
81,3,2,0,0,1,0,0,1,9,1.7320508076,300,90000
81,3,2,0,0,1,0,0,1,9,1.7320508076,300,90000
81,3,2,0,0,1,0,0,1,9,1.7320508076,300,90000
82,3,3,0,0,1,1,0,1,9,1.7320508076,300,90000
82,3,3,0,0,1,1,0,1,9,1.7320508076,300,90000
82,3,2,0,0,1,0,0,1,9,1.7320508076,300,90000
82,3,2,0,0,1,0,0,1,9,1.7320508076,300,90000
82,3,2,0,0,1,0,0,1,9,1.7320508076,300,90000
82,3,2,0,0,1,0,0,1,9,1.7320508076,300,90000
82,3,2,0,0,1,0,0,1,9,1.7320508076,300,90000
82,3,2,0,0,1,0,0,1,9,1.7320508076,300,90000
82,3,2,0,0,1,0,0,1,9,1.7320508076,300,90000
82,3,2,0,0,1,0,0,1,9,1.7320508076,300,90000
82,3,2,0,0,1,0,0,1,9,1.7320508076,300,90000
82,3,2,0,0,1,0,0,1,9,1.7320508076,300,90000
82,3,2,0,0,1,0,0,1,9,1.7320508076,300,90000
82,3,2,0,0,1,0,0,1,9,1.7320508076,300,90000
83,3,2,0,0,1,0,0,1,9,1.7320508076,300,90000
83,3,2,0,0,1,0,0,1,9,1.7320508076,300,90000
83,3,2,0,0,1,0,0,1,9,1.7320508076,300,90000
83,3,2,0,0,1,0,0,1,9,1.7320508076,300,90000
83,3,2,0,0,1,0,0,1,9,1.7320508076,300,90000
83,3,2,0,0,1,0,0,1,9,1.7320508076,300,90000
83,3,2,0,0,1,0,0,1,9,1.7320508076,300,90000
83,3,2,0,0,1,0,0,1,9,1.7320508076,300,90000
83,3,2,0,0,1,0,0,1,9,1.7320508076,300,90000
83,3,2,0,0,1,0,0,1,9,1.7320508076,300,90000
83,3,2,0,0,1,0,0,1,9,1.7320508076,300,90000
83,3,1,0,0,1,0,1,0,9,1.7320508076,300,90000
83,3,1,0,0,1,0,1,0,9,1.7320508076,300,90000
83,3,1,0,0,1,0,1,0,9,1.7320508076,300,90000
84,3,2,0,0,1,0,0,1,9,1.7320508076,300,90000
84,3,2,0,0,1,0,0,1,9,1.7320508076,300,90000
84,3,2,0,0,1,0,0,1,9,1.7320508076,300,90000
84,3,2,0,0,1,0,0,1,9,1.7320508076,300,90000
84,3,2,0,0,1,0,0,1,9,1.7320508076,300,90000
84,3,1,0,0,1,0,1,0,9,1.7320508076,300,90000
84,3,1,0,0,1,0,1,0,9,1.7320508076,300,90000
84,3,1,0,0,1,0,1,0,9,1.7320508076,300,90000
84,3,1,0,0,1,0,1,0,9,1.7320508076,300,90000
84,3,1,0,0,1,0,1,0,9,1.7320508076,300,90000
84,3,1,0,0,1,0,1,0,9,1.7320508076,300,90000
85,3,2,0,0,1,0,0,1,9,1.7320508076,300,90000
85,3,2,0,0,1,0,0,1,9,1.7320508076,300,90000
85,3,2,0,0,1,0,0,1,9,1.7320508076,300,90000
85,3,2,0,0,1,0,0,1,9,1.7320508076,300,90000
85,3,1,0,0,1,0,1,0,9,1.7320508076,300,90000
85,3,1,0,0,1,0,1,0,9,1.7320508076,300,90000
85,3,1,0,0,1,0,1,0,9,1.7320508076,300,90000
85,3,1,0,0,1,0,1,0,9,1.7320508076,300,90000
85,3,1,0,0,1,0,1,0,9,1.7320508076,300,90000
85,3,1,0,0,1,0,1,0,9,1.7320508076,300,90000
85,3,1,0,0,1,0,1,0,9,1.7320508076,300,90000
85,3,1,0,0,1,0,1,0,9,1.7320508076,300,90000
86,3,2,0,0,1,0,0,1,9,1.7320508076,300,90000
86,3,2,0,0,1,0,0,1,9,1.7320508076,300,90000
86,3,2,0,0,1,0,0,1,9,1.7320508076,300,90000
86,3,2,0,0,1,0,0,1,9,1.7320508076,300,90000
86,3,2,0,0,1,0,0,1,9,1.7320508076,300,90000
86,3,1,0,0,1,0,1,0,9,1.7320508076,300,90000
86,3,1,0,0,1,0,1,0,9,1.7320508076,300,90000
86,3,1,0,0,1,0,1,0,9,1.7320508076,300,90000
86,3,1,0,0,1,0,1,0,9,1.7320508076,300,90000
86,3,1,0,0,1,0,1,0,9,1.7320508076,300,90000
86,3,1,0,0,1,0,1,0,9,1.7320508076,300,90000
86,3,1,0,0,1,0,1,0,9,1.7320508076,300,90000
87,3,3,0,0,1,1,0,1,9,1.7320508076,300,90000
87,3,3,0,0,1,1,0,1,9,1.7320508076,300,90000
87,3,2,0,0,1,0,0,1,9,1.7320508076,300,90000
87,3,2,0,0,1,0,0,1,9,1.7320508076,300,90000
87,3,2,0,0,1,0,0,1,9,1.7320508076,300,90000
87,3,1,0,0,1,0,1,0,9,1.7320508076,300,90000
87,3,1,0,0,1,0,1,0,9,1.7320508076,300,90000
87,3,1,0,0,1,0,1,0,9,1.7320508076,300,90000
87,3,1,0,0,1,0,1,0,9,1.7320508076,300,90000
87,3,1,0,0,1,0,1,0,9,1.7320508076,300,90000
87,3,1,0,0,1,0,1,0,9,1.7320508076,300,90000
87,3,1,0,0,1,0,1,0,9,1.7320508076,300,90000
87,3,1,0,0,1,0,1,0,9,1.7320508076,300,90000
87,3,1,0,0,1,0,1,0,9,1.7320508076,300,90000
88,3,2,0,0,1,0,0,1,9,1.7320508076,300,90000
88,3,2,0,0,1,0,0,1,9,1.7320508076,300,90000
88,3,2,0,0,1,0,0,1,9,1.7320508076,300,90000
88,3,2,0,0,1,0,0,1,9,1.7320508076,300,90000
88,3,2,0,0,1,0,0,1,9,1.7320508076,300,90000
88,3,2,0,0,1,0,0,1,9,1.7320508076,300,90000
88,3,2,0,0,1,0,0,1,9,1.7320508076,300,90000
88,3,2,0,0,1,0,0,1,9,1.7320508076,300,90000
88,3,2,0,0,1,0,0,1,9,1.7320508076,300,90000
88,3,1,0,0,1,0,1,0,9,1.7320508076,300,90000
89,3,1,0,0,1,0,1,0,9,1.7320508076,300,90000
89,3,1,0,0,1,0,1,0,9,1.7320508076,300,90000
89,3,1,0,0,1,0,1,0,9,1.7320508076,300,90000
89,3,1,0,0,1,0,1,0,9,1.7320508076,300,90000
89,3,1,0,0,1,0,1,0,9,1.7320508076,300,90000
89,3,1,0,0,1,0,1,0,9,1.7320508076,300,90000
89,3,1,0,0,1,0,1,0,9,1.7320508076,300,90000
89,3,1,0,0,1,0,1,0,9,1.7320508076,300,90000
89,3,1,0,0,1,0,1,0,9,1.7320508076,300,90000
90,3,2,0,0,1,0,0,1,9,1.7320508076,300,90000
90,3,2,0,0,1,0,0,1,9,1.7320508076,300,90000
90,3,2,0,0,1,0,0,1,9,1.7320508076,300,90000
90,3,2,0,0,1,0,0,1,9,1.7320508076,300,90000
90,3,2,0,0,1,0,0,1,9,1.7320508076,300,90000
90,3,1,0,0,1,0,1,0,9,1.7320508076,300,90000
90,3,1,0,0,1,0,1,0,9,1.7320508076,300,90000
90,3,1,0,0,1,0,1,0,9,1.7320508076,300,90000
90,3,1,0,0,1,0,1,0,9,1.7320508076,300,90000
91,3,2,0,0,1,0,0,1,9,1.7320508076,300,90000
91,3,2,0,0,1,0,0,1,9,1.7320508076,300,90000
91,3,1,0,0,1,0,1,0,9,1.7320508076,300,90000
91,3,1,0,0,1,0,1,0,9,1.7320508076,300,90000
91,3,1,0,0,1,0,1,0,9,1.7320508076,300,90000
91,3,1,0,0,1,0,1,0,9,1.7320508076,300,90000
91,3,1,0,0,1,0,1,0,9,1.7320508076,300,90000
92,3,3,0,0,1,1,0,1,9,1.7320508076,300,90000
92,3,2,0,0,1,0,0,1,9,1.7320508076,300,90000
92,3,2,0,0,1,0,0,1,9,1.7320508076,300,90000
92,3,2,0,0,1,0,0,1,9,1.7320508076,300,90000
92,3,1,0,0,1,0,1,0,9,1.7320508076,300,90000
92,3,1,0,0,1,0,1,0,9,1.7320508076,300,90000
92,3,1,0,0,1,0,1,0,9,1.7320508076,300,90000
92,3,1,0,0,1,0,1,0,9,1.7320508076,300,90000
92,3,1,0,0,1,0,1,0,9,1.7320508076,300,90000
92,3,1,0,0,1,0,1,0,9,1.7320508076,300,90000
92,3,1,0,0,1,0,1,0,9,1.7320508076,300,90000
92,3,1,0,0,1,0,1,0,9,1.7320508076,300,90000
92,3,1,0,0,1,0,1,0,9,1.7320508076,300,90000
93,3,2,0,0,1,0,0,1,9,1.7320508076,300,90000
93,3,2,0,0,1,0,0,1,9,1.7320508076,300,90000
93,3,1,0,0,1,0,1,0,9,1.7320508076,300,90000
93,3,1,0,0,1,0,1,0,9,1.7320508076,300,90000
93,3,1,0,0,1,0,1,0,9,1.7320508076,300,90000
93,3,1,0,0,1,0,1,0,9,1.7320508076,300,90000
93,3,1,0,0,1,0,1,0,9,1.7320508076,300,90000
94,3,2,0,0,1,0,0,1,9,1.7320508076,300,90000
94,3,1,0,0,1,0,1,0,9,1.7320508076,300,90000
94,3,1,0,0,1,0,1,0,9,1.7320508076,300,90000
94,3,1,0,0,1,0,1,0,9,1.7320508076,300,90000
94,3,1,0,0,1,0,1,0,9,1.7320508076,300,90000
94,3,1,0,0,1,0,1,0,9,1.7320508076,300,90000
94,3,1,0,0,1,0,1,0,9,1.7320508076,300,90000
94,3,1,0,0,1,0,1,0,9,1.7320508076,300,90000
94,3,1,0,0,1,0,1,0,9,1.7320508076,300,90000
94,3,1,0,0,1,0,1,0,9,1.7320508076,300,90000
94,3,1,0,0,1,0,1,0,9,1.7320508076,300,90000
94,3,1,0,0,1,0,1,0,9,1.7320508076,300,90000
